1111,1500029342,I love India
2222,1500029343,I love India
3333,1500029344,I love India
4444,1500029345,I love India
5555,1500029346,I love India
6666,1500029347,I love India
7777,1500029348,I love India
8888,1500029349,I love India
9999,1500029350,I love India
1111,1500029351,I love India
2222,1500029352,I love India
3333,1500029353,I love India
4444,1500029354,I love India
5555,1500029355,I love India
6666,1500029356,I love India
7777,1500029357,I love India
8888,1500029358,I love India
9999,1500029359,I love India
1111,1500029360,I love India
2222,1500029361,I love India
3333,1500029362,I love India
4444,1500029363,I love India
5555,1500029364,I love India
6666,1500029365,I love India
7777,1500029366,I love India
8888,1500029367,I love India
9999,1500029368,I love India
1111,1500029369,I love India
2222,1500029370,I love India
3333,1500029371,I love India
4444,1500029372,I love India
5555,1500029373,I love India
6666,1500029374,I love India
7777,1500029375,I love India
8888,1500029376,I love India
9999,1500029377,I love India
1111,1500029378,I love India
2222,1500029379,I love India
3333,1500029380,I love India
4444,1500029381,I love India
5555,1500029382,I love India
6666,1500029383,I love India
7777,1500029384,I love India
8888,1500029385,I love India
9999,1500029386,I love India
1111,1500029387,I love India
2222,1500029388,I love India
3333,1500029389,I love India
4444,1500029390,I love India
5555,1500029391,I love India
6666,1500029392,I love India
7777,1500029393,I love India
8888,1500029394,I love India
9999,1500029395,I love India
1111,1500029396,I love India
2222,1500029397,I love India
3333,1500029398,I love India
4444,1500029399,I love India
5555,1500029400,I love India
6666,1500029401,I love India
7777,1500029402,I love India
8888,1500029403,I love India
9999,1500029404,I love India
1111,1500029405,I love India
2222,1500029406,I love India
3333,1500029407,I love India
4444,1500029408,I love India
5555,1500029409,I love India
6666,1500029410,I love India
7777,1500029411,I love India
8888,1500029412,I love India
9999,1500029413,I love India
1111,1500029414,I love India
2222,1500029415,I love India
3333,1500029416,I love India
4444,1500029417,I love India
5555,1500029418,I love India
6666,1500029419,I love India
7777,1500029420,I love India
8888,1500029421,I love India
9999,1500029422,I love India
1111,1500029423,I love India
2222,1500029424,I love India
3333,1500029425,I love India
4444,1500029426,I love India
5555,1500029427,I love India
6666,1500029428,I love India
7777,1500029429,I love India
8888,1500029430,I love India
9999,1500029431,I love India
1111,1500029432,I love India
2222,1500029433,I love India
3333,1500029434,I love India
4444,1500029435,I love India
5555,1500029436,I love India
6666,1500029437,I love India
7777,1500029438,I love India
8888,1500029439,I love India
9999,1500029440,I love India
1111,1500029441,I love India
2222,1500029442,I love India
3333,1500029443,I love India
4444,1500029444,I love India
5555,1500029445,I love India
6666,1500029446,I love India
7777,1500029447,I love India
8888,1500029448,I love India
9999,1500029449,I love India
1111,1500029450,I love India
2222,1500029451,I love India
3333,1500029452,I love India
4444,1500029453,I love India
5555,1500029454,I love India
6666,1500029455,I love India
7777,1500029456,I love India
8888,1500029457,I love India
9999,1500029458,I love India
1111,1500029459,I love India
2222,1500029460,I love India
3333,1500029461,I love India
4444,1500029462,I love India
5555,1500029463,I love India
6666,1500029464,I love India
7777,1500029465,I love India
8888,1500029466,I love India
9999,1500029467,I love India
1111,1500029468,I love India
2222,1500029469,I love India
3333,1500029470,I love India
4444,1500029471,I love India
5555,1500029472,I love India
6666,1500029473,I love India
7777,1500029474,I love India
8888,1500029475,I love India
9999,1500029476,I love India
1111,1500029477,I love India
2222,1500029478,I love India
3333,1500029479,I love India
4444,1500029480,I love India
5555,1500029481,I love India
6666,1500029482,I love India
7777,1500029483,I love India
8888,1500029484,I love India
9999,1500029485,I love India
1111,1500029486,I love India
2222,1500029487,I love India
3333,1500029488,I love India
4444,1500029489,I love India
5555,1500029490,I love India
6666,1500029491,I love India
7777,1500029492,I love India
8888,1500029493,I love India
9999,1500029494,I love India
1111,1500029495,I love India
2222,1500029496,I love India
3333,1500029497,I love India
4444,1500029498,I love India
5555,1500029499,I love India
6666,1500029500,I love India
7777,1500029501,I love India
8888,1500029502,I love India
9999,1500029503,I love India
1111,1500029504,I love India
2222,1500029505,I love India
3333,1500029506,I love India
4444,1500029507,I love India
5555,1500029508,I love India
6666,1500029509,I love India
7777,1500029510,I love India
8888,1500029511,I love India
9999,1500029512,I love India
1111,1500029513,I love India
2222,1500029514,I love India
3333,1500029515,I love India
4444,1500029516,I love India
5555,1500029517,I love India
6666,1500029518,I love India
7777,1500029519,I love India
8888,1500029520,I love India
9999,1500029521,I love India
1111,1500029522,I love India
2222,1500029523,I love India
3333,1500029524,I love India
4444,1500029525,I love India
5555,1500029526,I love India
6666,1500029527,I love India
7777,1500029528,I love India
8888,1500029529,I love India
9999,1500029530,I love India
1111,1500029531,I love India
2222,1500029532,I love India
3333,1500029533,I love India
4444,1500029534,I love India
5555,1500029535,I love India
6666,1500029536,I love India
7777,1500029537,I love India
8888,1500029538,I love India
9999,1500029539,I love India
1111,1500029540,I love India
2222,1500029541,I love India
3333,1500029542,I love India
4444,1500029543,I love India
5555,1500029544,I love India
6666,1500029545,I love India
7777,1500029546,I love India
8888,1500029547,I love India
9999,1500029548,I love India
1111,1500029549,I love India
2222,1500029550,I love India
3333,1500029551,I love India
4444,1500029552,I love India
5555,1500029553,I love India
6666,1500029554,I love India
7777,1500029555,I love India
8888,1500029556,I love India
9999,1500029557,I love India
